<?xml version="1.0" encoding="UTF-8"?>
<root>
  <item name="androidx.navigation.Navigator void dispatchOnNavigatorNavigated(int, int) 1">
    <annotation name="android.support.annotation.IntDef">
      <val name="value" val="{androidx.navigation.Navigator.BACK_STACK_UNCHANGED, androidx.navigation.Navigator.BACK_STACK_DESTINATION_ADDED, androidx.navigation.Navigator.BACK_STACK_DESTINATION_POPPED}" />
    </annotation>
  </item>
  <item name="androidx.navigation.Navigator.OnNavigatorNavigatedListener void onNavigatorNavigated(androidx.navigation.Navigator, int, int) 2">
    <annotation name="android.support.annotation.IntDef">
      <val name="value" val="{androidx.navigation.Navigator.BACK_STACK_UNCHANGED, androidx.navigation.Navigator.BACK_STACK_DESTINATION_ADDED, androidx.navigation.Navigator.BACK_STACK_DESTINATION_POPPED}" />
    </annotation>
  </item>
</root>

